{"_timestamp":1.732115508771538e+09,"_runtime":86.661109,"_step":9,"iteration":10,"total_cost":467.0298710953198,"_wandb":{"runtime":86}}